Word,Count
the,666
project,21
gutenberg,18
ebook,6
of,548
complete,12
works,15
william,14
shakespeare,18
by,150
this,159
is,267
for,256
use,25
anyone,2
anywhere,1
at,43
no,119
cost,5
and,716
with,238
almost,5
restrictions,1
whatsoever,2
you,250
may,66
copy,7
it,188
give,42
away,27
or,138
re,5
under,18
terms,2
license,3
included,1
online,1
www,1
org,1
a,281
copyrighted,1
details,1
below,3
please,6
follow,6
copyright,12
guidelines,1
in,434
file,2
title,4
author,3
posting,2
date,8
september,1
1,12
2011,1
100,2
release,1
january,1
1994,1
language,2
english,1
start,2
produced,1
world,47
library,12
inc,8
from,107
their,81
future,3
100th,1
etext,23
presented,2
cooperation,1
cdroms,1
often,4
releases,1
etexts,3
that,431
are,111
not,236
placed,2
public,8
domain,4
has,2
certain,2
implications,1
should,54
read,8
<<this,5
electronic,12
version,6
1990,6
1993,6
provided,7
illinois,7
benedictine,7
college,8
permission,6
machine,7
readable,8
copies,14
be,218
distributed,12
so,197
long,21
as,158
such,55
your,176
others,21
personal,6
only,17
2,10
used,12
commercially,6
prohibited,6
commercial,6
distribution,7
includes,6
any,30
service,10
charges,8
download,6
time,86
membership,6
>>,5
proud,18
to,580
cooperate,1
presentation,2
reading,2
education,2
entertainment,1
however,1
neither,5
shareware,1
nor,60
conditions,3
made,26
access,1
material,1
encouraged,2
like,53
but,208
allowed,1
small,9
print,8
since,30
unlike,1
many,19
other,29
tm,2
protected,2
materials,1
methods,2
will,103
effect,4
s,262
reputation,1
right,14
distribute,3
limited,4
laws,2
statement,3
b,3
subject,6
honor,1
refund,3
replacement,3
provisions,1
exact,1
including,6
can,62
compressed,1
proprietary,1
form,16
resulting,1
word,6
processing,1
hypertext,2
software,2
either,6
when,128
displayed,1
clearly,1
does,5
contain,3
characters,3
than,65
those,43
intended,2
work,7
although,10
tilde,1
asterisk,1
underline,1
convey,2
punctuation,1
additional,2
indicate,1
links,1
readily,1
convertible,1
reader,1
expense,6
into,9
plain,4
ascii,2
ebcdic,1
equivalent,1
program,1
displays,1
case,7
instance,1
most,41
processors,1
3,4
provide,3
agree,1
on,104
request,2
fee,4
warranty,2
disclaimer,1
damages,5
defect,5
incomplete,1
inaccurate,1
corrupt,5
data,1
transcription,1
errors,5
infringement,1
defective,1
damaged,1
disk,1
computer,1
virus,1
codes,1
damage,1
cannot,22
equipment,1
described,1
party,2
receive,7
disclaims,1
all,143
liability,2
costs,2
expenses,1
legal,3
fees,2
have,119
remedies,2
negligence,1
strict,1
breach,3
contract,1
indirect,1
consequential,1
punitive,1
incidental,1
even,29
if,101
notice,1
possibility,1
discover,1
within,17
90,2
days,19
receiv,5
ing,1
money,4
paid,6
sending,1
an,34
explanatory,1
note,7
person,3
received,3
physical,1
medium,2
must,38
return,10
choose,6
alternatively,2
electronically,2
second,12
opportunity,1
otherwise,2
warranties,3
kind,16
express,4
implied,2
merchantability,1
fitness,1
particular,2
purpose,6
some,39
states,1
do,115
allow,3
disclaimers,2
exclusion,1
limitation,1
consequen,1
tial,1
above,6
exclusions,1
apply,1
rights,2
indemnity,1
indemnify,1
hold,16
its,1
directors,1
officers,2
members,1
agents,1
harmless,1
lia,1
bility,1
arise,2
directly,2
indirectly,2
following,1
cause,6
alteration,2
modification,1
addition,3
c,1
4,2
what,109
want,6
send,5
don,1
t,26
dedicated,2
increasing,2
number,4
licensed,1
freely,3
gratefully,1
accepts,1
contributions,1
scanning,1
machines,1
ocr,1
royalty,1
free,8
licenses,1
whatever,1
else,8
think,31
pro,1
ject,1
association,1
charles,1
kramer,1
attorney,1
internet,1
72600,1
2026,1
compuserve,1
com,1
tel,1
212,1
254,1
5093,1
v,1
12,2
08,1
93,2
1609,1
sonnets,1
fairest,5
creatures,3
we,36
desire,12
increase,6
thereby,2
beauty,71
rose,7
might,35
never,23
die,19
riper,2
decease,3
his,172
tender,9
heir,3
bear,16
memory,8
thou,260
contracted,2
thine,53
own,40
bright,13
eyes,54
feed,3
st,61
thy,324
light,9
flame,5
self,90
substantial,1
fuel,1
making,13
famine,1
where,51
abundance,5
lies,13
foe,1
sweet,62
too,28
cruel,8
art,56
now,61
fresh,7
ornament,5
herald,1
gaudy,1
spring,5
bud,2
buriest,1
content,3
churl,2
mak,2
waste,7
niggarding,1
pity,13
glutton,1
eat,5
due,6
grave,3
thee,185
forty,1
winters,2
shall,82
besiege,3
brow,8
dig,1
deep,8
trenches,1
field,1
youth,22
livery,1
gazed,1
tattered,2
weed,3
worth,22
held,3
then,84
being,36
asked,1
treasure,9
lusty,2
say,41
sunken,1
were,53
eating,1
shame,11
thriftless,1
praise,30
how,52
much,24
more,86
deserved,1
couldst,1
answer,6
fair,48
child,9
mine,73
sum,4
my,507
count,13
make,55
old,27
excuse,7
proving,1
succession,1
new,27
see,45
blood,18
warm,1
feel,3
cold,11
look,25
glass,11
tell,22
face,21
viewest,1
another,14
whose,30
repair,3
renewest,1
dost,31
beguile,1
unbless,1
mother,22
she,52
uneared,1
womb,2
disdains,1
tillage,1
husbandry,2
who,34
he,100
fond,5
tomb,6
love,222
stop,2
posterity,3
calls,6
back,10
lovely,8
april,4
her,93
prime,5
through,7
windows,3
age,18
shalt,14
despite,6
wrinkles,5
golden,5
live,36
remembered,4
single,4
image,5
dies,3
unthrifty,1
loveliness,1
why,33
spend,7
upon,34
legacy,2
nature,27
bequest,1
gives,10
nothing,20
doth,93
lend,8
frank,2
lends,4
beauteous,9
niggard,2
abuse,3
bounteous,2
largess,1
given,4
profitless,1
usurer,2
great,20
sums,1
yet,65
canst,7
having,6
traffic,1
alone,21
deceive,3
gone,14
acceptable,1
audit,3
leave,19
unused,4
tombed,1
which,127
lives,11
th,18
executor,1
5,1
hours,12
gentle,14
did,32
frame,4
gaze,2
every,32
eye,45
dwell,6
play,7
tyrants,2
very,11
same,7
unfair,1
fairly,1
excel,1
resting,1
leads,2
summer,19
hideous,2
winter,8
confounds,3
him,76
there,38
sap,2
checked,2
frost,1
leaves,8
quite,5
o,75
er,22
snowed,1
bareness,2
distillation,1
left,6
liquid,1
prisoner,1
pent,2
walls,2
bereft,1
remembrance,5
was,58
flowers,8
distilled,3
though,40
they,75
meet,2
leese,1
show,27
substance,4
still,45
6,1
let,35
ragged,1
hand,22
deface,1
ere,10
vial,1
place,14
killed,1
forbidden,1
usury,1
happies,1
pay,4
willing,2
loan,1
breed,2
ten,14
times,13
happier,3
one,67
refigured,1
could,16
death,27
shouldst,6
depart,2
leaving,1
living,12
willed,1
conquest,3
worms,4
7,1
lo,3
orient,1
gracious,5
lifts,1
up,29
burning,1
head,8
each,15
homage,1
appearing,1
sight,17
serving,3
looks,16
sacred,2
majesty,11
climbed,1
steep,2
heavenly,3
hill,1
resembling,2
strong,10
middle,1
mortal,6
adore,2
attending,2
pilgrimage,2
highmost,1
pitch,2
weary,4
car,1
feeble,1
reeleth,1
day,32
fore,2
duteous,1
converted,2
low,3
tract,1
way,9
out,26
going,4
noon,1
unlooked,2
diest,2
unless,6
get,5
son,12
8,1
music,6
hear,10
sadly,1
sweets,6
war,11
joy,9
delights,2
lov,7
gladly,1
pleasure,12
annoy,1
true,44
concord,3
well,47
tuned,1
sounds,2
unions,1
married,2
offend,1
ear,3
sweetly,3
chide,5
singleness,1
parts,9
mark,4
string,1
husband,8
strikes,1
mutual,2
ordering,1
sire,1
happy,12
pleasing,2
sing,7
speechless,2
song,6
seeming,4
sings,4
wilt,18
prove,13
none,18
9,1
fear,12
wet,2
widow,7
consum,1
life,32
ah,7
issueless,1
hap,1
wail,2
makeless,1
wife,4
weep,4
hast,19
behind,5
private,1
keep,14
children,2
shape,6
mind,21
unthrift,1
shifts,1
enjoys,1
hath,57
end,12
kept,7
user,1
destroys,1
toward,1
bosom,5
sits,1
himself,3
murd,3
rous,3
commits,2
10,1
deny,3
unprovident,1
grant,4
beloved,5
evident,1
possessed,2
hate,18
gainst,7
stick,1
conspire,1
seeking,1
roof,1
ruinate,1
chief,3
change,12
thought,22
i,525
fairer,4
lodged,1
presence,2
least,6
hearted,1
me,213
11,1
fast,4
wane,1
grow,13
departest,1
youngly,1
bestow,4
mayst,13
call,13
convertest,1
herein,1
wisdom,5
without,11
folly,4
decay,9
minded,1
cease,1
threescore,1
year,8
would,45
whom,14
store,11
harsh,1
featureless,1
rude,4
barrenly,1
perish,1
best,26
endowed,1
gave,7
gift,7
bounty,2
cherish,1
carved,1
seal,2
meant,1
clock,3
tells,2
brave,4
sunk,1
night,22
behold,7
violet,2
past,14
sable,1
curls,2
silvered,1
white,7
lofty,2
trees,1
barren,5
erst,1
heat,4
canopy,2
herd,2
green,6
girded,1
sheaves,1
borne,2
bier,1
bristly,1
beard,1
question,4
among,5
wastes,2
go,13
beauties,4
themselves,7
forsake,2
scythe,4
defence,4
save,9
takes,5
hence,6
13,1
longer,7
yours,7
here,16
against,25
coming,2
prepare,2
semblance,1
lease,4
find,24
determination,1
again,13
after,16
issue,4
lets,1
house,1
fall,5
honour,16
uphold,1
stormy,1
gusts,1
rage,5
eternal,6
unthrifts,1
dear,28
know,39
had,32
father,19
14,1
stars,7
judgement,2
pluck,6
methinks,6
astronomy,1
good,41
evil,4
luck,1
plagues,2
dearths,1
seasons,3
quality,1
fortune,12
brief,3
minutes,5
pointing,1
thunder,1
rain,3
wind,3
princes,3
oft,12
predict,1
heaven,31
knowledge,4
derive,1
constant,3
them,33
truth,28
together,3
thrive,2
wouldst,3
convert,1
prognosticate,1
doom,5
15,1
consider,1
thing,12
grows,4
holds,5
perfection,2
little,5
moment,1
huge,2
stage,2
presenteth,1
nought,3
shows,7
whereon,3
secret,1
influence,3
comment,2
perceive,1
men,26
plants,1
cheered,1
sky,2
vaunt,1
youthful,2
height,3
decrease,1
wear,7
state,17
conceit,3
inconstant,2
stay,13
sets,2
rich,12
before,24
wasteful,2
debateth,1
sullied,1
engraft,1
16,1
wherefore,5
mightier,1
bloody,3
tyrant,3
fortify,2
means,4
blessed,9
rhyme,6
stand,13
top,2
maiden,7
gardens,1
unset,1
virtuous,5
wish,12
liker,1
painted,5
counterfeit,2
lines,8
pencil,2
pupil,1
pen,11
inward,4
outward,7
keeps,5
drawn,3
skill,11
17,1
believe,7
verse,15
come,25
filled,3
high,9
deserts,2
knows,13
hides,1
half,3
write,11
numbers,4
graces,5
poet,4
touches,4
ne,7
touched,1
earthly,1
faces,2
papers,1
yellowed,1
scorned,1
less,9
tongue,18
termed,1
stretched,1
metre,1
antique,5
alive,2
twice,4
18,1
compare,6
temperate,1
rough,1
winds,2
shake,3
darling,2
buds,4
short,5
sometime,6
hot,3
shines,2
gold,2
complexion,3
dimmed,1
declines,1
chance,1
changing,2
course,3
untrimmed,1
fade,3
lose,15
possession,2
ow,1
brag,1
wand,2
rest,11
shade,4
breathe,3
19,1
devouring,1
blunt,3
lion,2
paws,1
earth,12
devour,1
brood,1
keen,2
teeth,1
fierce,2
tiger,1
jaws,1
burn,3
lived,5
phoenix,2
glad,2
sorry,1
fleet,1
whate,2
swift,6
footed,1
wide,7
fading,2
forbid,3
heinous,1
crime,4
carve,1
draw,5
untainted,1
pattern,2
succeeding,1
worst,8
wrong,6
ever,19
young,13
20,1
woman,11
master,4
mistress,13
passion,3
heart,64
acquainted,2
shifting,1
false,19
women,3
fashion,3
theirs,2
rolling,1
gilding,2
object,1
whereupon,1
gazeth,1
man,16
hue,5
hues,1
controlling,2
steals,1
souls,2
amazeth,1
wert,3
first,25
created,2
till,19
wrought,2
fell,4
doting,2
defeated,1
adding,1
pricked,1
21,1
muse,16
stirred,1
rehearse,4
couplement,1
sun,14
moon,3
sea,5
gems,1
born,13
things,17
rare,5
air,4
rondure,1
hems,1
truly,7
candles,1
fixed,3
hearsay,1
sell,1
22,1
persuade,1
am,55
furrows,1
expiate,1
cover,3
seemly,1
raiment,1
breast,7
elder,1
therefore,19
thyself,2
wary,1
bearing,3
chary,1
nurse,1
babe,4
faring,1
ill,21
presume,1
slain,2
gav,3
23,1
unperfect,1
actor,1
put,10
beside,2
part,23
replete,2
strength,6
weakens,1
trust,7
forget,3
perfect,4
ceremony,2
rite,1
seem,13
ercharged,1
burthen,2
eloquence,1
dumb,6
presagers,1
speaking,5
plead,3
recompense,1
expressed,3
learn,2
silent,2
writ,7
belongs,2
fine,2
wit,7
24,1
played,1
painter,3
stelled,1
table,2
body,12
wherein,7
tis,37
perspective,1
pictured,1
shop,1
hanging,1
glazed,1
turns,4
done,9
peep,1
therein,3
cunning,3
grace,17
25,1
favour,5
titles,1
boast,5
whilst,13
triumph,3
bars,2
favourites,1
spread,1
marigold,1
pride,12
buried,6
frown,4
glory,8
painful,1
warrior,1
famoused,1
fight,4
thousand,4
victories,1
once,11
foiled,1
book,6
razed,2
forgot,5
toiled,1
remove,2
removed,4
26,1
lord,33
vassalage,1
merit,7
duty,6
strongly,2
knit,1
written,1
embassage,1
witness,3
poor,23
bare,4
wanting,3
words,12
hope,14
soul,12
naked,1
star,7
guides,1
moving,2
points,1
graciously,1
aspect,1
puts,1
apparel,1
loving,12
worthy,7
respect,4
dare,7
27,1
toil,4
haste,5
bed,4
respose,1
limbs,2
travel,3
tired,4
begins,1
journey,2
expired,1
thoughts,23
far,18
abide,2
intend,1
zealous,1
drooping,1
eyelids,2
open,2
looking,3
darkness,1
blind,6
imaginary,1
presents,1
shadow,8
sightless,2
view,8
jewel,4
hung,3
ghastly,1
makes,13
black,15
thus,26
quiet,1
28,1
plight,1
debarred,1
benefit,2
oppression,1
eased,1
oppressed,2
enemies,3
reign,2
consent,2
hands,2
torture,3
complain,1
farther,4
off,5
clouds,4
blot,3
flatter,3
swart,1
complexioned,1
sparkling,1
twire,1
gild,1
daily,3
sorrows,3
nightly,2
grief,8
length,1
stronger,2
29,1
disgrace,8
beweep,1
outcast,1
trouble,1
deaf,1
bootless,1
cries,2
curse,2
fate,1
wishing,2
featured,1
friends,10
desiring,1
scope,6
enjoy,1
contented,5
these,27
despising,1
haply,4
lark,1
break,5
arising,1
sullen,2
hymns,2
gate,1
wealth,6
brings,3
scorn,3
kings,2
30,1
sessions,1
summon,1
sigh,1
lack,10
sought,1
woes,1
drown,1
flow,1
precious,6
hid,2
dateless,2
afresh,1
cancelled,1
woe,12
moan,5
vanished,2
grieve,1
grievances,1
foregone,2
heavily,2
sad,8
account,4
bemoaned,1
while,7
friend,23
losses,1
restored,1
31,1
endeared,1
hearts,6
lacking,1
supposed,3
dead,17
reigns,1
holy,7
obsequious,2
tear,1
religious,2
stol,5
n,5
interest,2
appear,4
hidden,1
lie,13
trophies,1
lovers,3
images,1
loved,7
32,1
survive,2
bones,2
dust,2
survey,3
deceased,2
lover,2
bett,1
ring,9
outstripped,1
reserve,2
exceeded,1
vouchsafe,2
grown,4
growing,3
dearer,3
birth,5
brought,4
march,1
ranks,2
better,22
equipage,1
died,3
poets,2
style,3
ll,14
33,1
full,18
glorious,1
morning,2
seen,14
mountain,2
tops,1
sovereign,5
kissing,1
meadows,1
pale,3
streams,1
alchemy,2
anon,4
permit,1
basest,3
ride,3
ugly,1
rack,1
celestial,1
forlorn,1
visage,1
hide,6
stealing,2
unseen,2
west,3
early,2
morn,2
shine,4
triumphant,2
splendour,1
alack,3
hour,6
region,1
cloud,2
masked,3
whit,1
disdaineth,1
suns,1
stain,5
staineth,1
34,1
didst,3
promise,2
forth,8
cloak,1
base,5
ertake,1
hiding,1
brav,1
ry,2
rotten,2
smoke,1
enough,10
dry,1
storm,1
beaten,1
salve,2
speak,21
heals,1
wound,6
cures,1
physic,3
repent,2
loss,11
offender,1
sorrow,8
weak,4
relief,1
bears,3
offence,3
cross,3
tears,8
pearl,1
sheds,1
ransom,4
deeds,10
35,1
grieved,1
roses,7
thorns,3
silver,1
fountains,1
mud,1
eclipses,2
both,24
loathsome,1
canker,5
sweetest,5
faults,9
authorizing,1
trespass,2
corrupting,1
salving,1
amiss,2
excusing,1
sins,3
sensual,2
fault,5
bring,11
sense,10
adverse,1
advocate,1
lawful,3
plea,3
commence,1
civil,1
accessary,2
needs,9
thief,4
sourly,2
robs,2
36,1
confess,4
two,13
twain,3
our,52
undivided,1
loves,11
blots,1
remain,3
help,13
separable,1
spite,5
alter,1
sole,2
steal,10
delight,8
evermore,4
acknowledge,1
lest,9
bewailed,1
guilt,1
kindness,2
take,17
name,21
sort,2
report,4
37,1
decrepit,1
active,1
lame,2
dearest,6
comfort,4
whether,8
entitled,1
crowned,4
sit,4
engrafted,1
despised,3
sufficed,1
38,1
invent,2
pour,2
argument,6
excellent,2
vulgar,3
paper,1
thanks,5
aught,2
perusal,1
invention,6
tenth,1
nine,3
rhymers,1
invocate,1
outlive,3
slight,2
curious,2
pain,5
39,1
manners,4
us,19
divided,1
separation,1
deserv,2
absence,5
torment,3
sour,2
leisure,6
entertain,1
teachest,1
praising,2
40,1
yea,1
hadst,2
receivest,1
blame,5
usest,1
blamed,2
deceivest,1
wilful,2
taste,4
refusest,1
forgive,1
robbery,2
poverty,2
greater,4
known,1
injury,3
lascivious,2
kill,5
spites,1
foes,3
41,1
pretty,6
wrongs,2
liberty,2
absent,5
years,3
befits,1
temptation,2
follows,1
won,1
assailed,2
woos,1
prevailed,1
ay,6
mightst,2
seat,2
forbear,2
straying,1
lead,3
riot,1
forced,1
twofold,1
hers,1
tempting,1
42,1
said,7
dearly,2
wailing,1
nearly,1
offenders,1
ye,3
because,3
sake,11
suff,1
approve,3
gain,5
losing,4
found,13
lay,2
flattery,3
43,1
wink,2
unrespected,2
sleep,4
dreams,2
darkly,1
dark,3
directed,1
shadows,3
clear,3
clearer,2
unseeing,1
imperfect,1
heavy,6
nights,2
44,1
dull,7
flesh,9
injurious,2
distance,1
space,3
limits,1
remote,1
matter,5
foot,3
farthest,2
nimble,2
jump,1
land,2
soon,4
kills,1
leap,2
large,5
lengths,1
miles,2
water,5
attend,3
receiving,1
elements,2
slow,6
badges,1
45,1
purging,1
fire,11
wherever,1
present,7
motion,6
slide,1
quicker,1
embassy,1
four,2
sinks,1
down,10
melancholy,2
until,1
composition,2
recured,1
messengers,1
returned,1
assured,4
health,5
recounting,1
told,5
straight,7
46,1
divide,1
picture,4
bar,1
freedom,1
closet,1
pierced,1
crystal,1
defendant,1
says,5
appearance,1
side,6
impanelled,1
quest,2
tenants,1
verdict,1
determined,1
moiety,1
47,1
betwixt,3
league,1
took,7
unto,2
famished,1
sighs,1
smother,1
feast,2
banquet,1
bids,1
guest,2
share,3
move,3
awakes,1
48,1
careful,2
trifle,1
truest,1
thrust,2
falsehood,2
sure,6
wards,1
jewels,2
trifles,1
greatest,4
care,10
prey,2
locked,2
chest,3
closure,1
whence,4
thence,8
proves,2
thievish,3
prize,3
49,1
defects,1
cast,2
utmost,1
called,2
advised,1
respects,1
strangely,2
pass,4
scarcely,1
greet,3
reasons,4
settled,1
gravity,1
ensconce,1
desert,4
uprear,1
guard,2
allege,1
50,1
seek,5
teach,3
repose,1
measured,1
beast,2
plods,1
dully,1
weight,1
instinct,1
wretch,3
rider,1
speed,3
spur,2
provoke,1
sometimes,1
anger,1
thrusts,1
answers,1
groan,5
sharp,2
spurring,1
onward,1
51,1
bearer,1
need,6
extremity,1
mounted,1
winged,1
horse,2
pace,3
neigh,1
fiery,2
race,1
jade,1
went,1
towards,3
run,2
52,1
key,2
blunting,1
point,2
seldom,3
feasts,1
solemn,1
set,10
stones,1
thinly,1
captain,6
carcanet,1
wardrobe,1
robe,1
special,3
instant,1
blest,5
unfolding,1
imprisoned,2
worthiness,2
lacked,2
53,1
whereof,4
millions,1
strange,7
tend,3
describe,1
adonis,1
poorly,1
imitated,1
helen,9
cheek,7
grecian,1
tires,1
foison,1
external,1
54,1
deem,2
odour,3
blooms,1
dye,1
perfumed,1
tincture,1
hang,3
wantonly,1
breath,8
discloses,1
virtue,11
unwooed,1
deaths,2
odours,1
distills,1
55,1
marble,1
gilded,3
monuments,1
powerful,4
contents,1
unswept,1
stone,4
besmeared,1
sluttish,1
statues,1
overturn,1
broils,1
root,2
masonry,2
mars,5
sword,5
quick,3
record,3
oblivious,1
enmity,1
room,2
ending,1
judgment,7
56,1
renew,1
force,2
edge,3
blunter,1
appetite,4
feeding,4
allayed,1
morrow,5
sharpened,1
former,4
fill,4
hungry,2
fulness,1
spirit,11
perpetual,2
dulness,1
interim,1
ocean,3
shore,3
banks,1
welcome,5
thrice,3
wished,1
57,1
slave,6
services,1
require,1
watch,2
bitterness,3
bid,3
servant,6
adieu,2
jealous,1
affairs,2
suppose,2
fool,4
thinks,2
58,1
god,10
control,3
crave,1
vassal,4
bound,3
suffer,3
beck,1
patience,2
tame,1
sufferance,1
bide,2
check,4
accusing,1
list,2
charter,2
privilage,1
belong,3
pardon,6
doing,3
wait,2
waiting,2
hell,8
59,1
been,11
brains,1
beguiled,1
labouring,2
amis,1
backward,4
five,3
hundred,1
courses,1
character,3
composed,1
wonder,4
mended,1
revolution,1
wits,2
subjects,2
worse,7
admiring,1
60,1
waves,1
pebbled,1
hasten,1
goes,3
sequent,1
forwards,1
contend,2
nativity,1
main,3
crawls,1
maturity,1
wherewith,1
crooked,2
confound,2
transfix,1
flourish,5
delves,1
parallels,1
feeds,2
rarities,1
stands,5
mow,1
61,1
slumbers,1
broken,1
mock,3
home,5
pry,1
shames,2
idle,3
tenure,1
jealousy,1
awake,1
defeat,1
watchman,1
wake,1
elsewhere,3
near,7
62,1
sin,10
possesseth,1
remedy,4
grounded,2
define,1
worths,1
surmount,1
indeed,6
beated,1
chopt,1
tanned,1
antiquity,2
contrary,1
iniquity,1
painting,6
63,1
crushed,1
erworn,1
drained,1
travelled,1
steepy,1
king,51
vanishing,1
confounding,1
knife,4
cut,1
64,1
defaced,1
outworn,2
towers,1
rased,1
brass,4
advantage,6
kingdom,1
firm,1
soil,2
win,4
watery,1
interchange,1
confounded,1
ruin,1
taught,6
ruminate,1
fears,7
65,1
boundless,1
mortality,2
ersways,1
power,14
action,3
flower,5
honey,2
wrackful,1
siege,1
batt,1
rocks,1
impregnable,1
stout,1
gates,1
steel,3
decays,1
fearful,1
meditation,1
spoil,1
miracle,1
ink,2
66,1
restful,1
cry,3
beggar,2
needy,1
trimmed,1
jollity,1
purest,1
faith,11
unhappily,1
forsworn,4
shamefully,1
misplaced,1
rudely,1
strumpeted,1
wrongfully,1
disgraced,1
limping,1
sway,3
disabled,1
tied,5
authority,1
doctor,2
simple,5
miscalled,1
simplicity,1
captive,1
67,1
infection,3
impiety,1
achieve,1
lace,1
society,1
imitate,1
bankrupt,1
beggared,1
blush,1
lively,2
veins,2
exchequer,1
gains,1
stores,1
last,3
bad,9
68,1
map,2
bastard,3
signs,1
durst,1
inhabit,1
tresses,1
sepulchres,1
shorn,1
fleece,1
gay,2
robbing,1
dress,1
yore,1
69,1
mend,4
tongues,4
voice,1
uttering,1
commend,1
accents,1
seeing,6
shown,4
guess,3
measure,3
churls,1
add,4
rank,5
smell,4
weeds,4
matcheth,1
common,5
70,1
slander,3
suspect,3
crow,2
flies,3
wooed,1
vice,1
pure,2
unstained,1
passed,2
ambush,1
victor,1
charged,1
tie,3
envy,2
enlarged,1
kingdoms,1
owe,1
71,1
mourn,3
surly,1
bell,1
warning,1
fled,2
vile,3
vilest,2
nay,8
line,5
remember,4
thinking,3
perhaps,1
compounded,1
clay,1
wise,2
72,1
task,1
recite,1
devise,2
willingly,1
impart,1
untrue,2
shamed,1
73,1
yellow,2
few,2
boughs,1
ruined,2
choirs,1
late,2
birds,3
sang,1
seest,2
twilight,1
sunset,1
fadeth,1
seals,1
glowing,1
ashes,1
expire,2
consumed,1
nourished,1
perceiv,1
74,1
arrest,1
bail,2
carry,1
memorial,1
reviewest,1
review,1
consecrate,1
lost,9
dregs,1
coward,2
contains,1
remains,1
75,1
food,1
seasoned,1
showers,2
ground,3
peace,2
strife,1
twixt,2
miser,1
enjoyer,1
doubting,2
filching,1
counting,2
bettered,1
feasting,1
clean,1
starved,1
possessing,2
pursuing,1
pine,3
surfeit,1
gluttoning,1
76,1
variation,1
glance,2
aside,3
compounds,2
noted,2
showing,1
proceed,2
always,2
dressing,1
spending,1
already,1
spent,6
telling,2
77,1
dial,3
vacant,1
imprint,1
learning,3
mouthed,1
graves,1
shady,1
stealth,1
progress,1
eternity,3
commit,3
blanks,1
nursed,1
delivered,1
brain,5
acquaintance,3
offices,1
profit,1
enrich,1
78,1
invoked,1
assistance,1
alien,1
got,4
poesy,1
disperse,1
ignorance,3
aloft,1
fly,2
added,2
feathers,1
learned,3
wing,2
double,3
compile,1
arts,1
graced,1
advance,1
79,1
aid,4
decayed,1
sick,8
deserves,1
travail,1
worthier,1
pays,2
stole,1
behaviour,1
afford,1
thank,4
owes,2
80,1
faint,1
knowing,6
thereof,1
spends,1
fame,4
humble,5
proudest,1
sail,3
saucy,2
bark,2
inferior,1
broad,1
wilfully,1
shallowest,1
afloat,1
soundless,1
wrecked,1
worthless,2
boat,1
tall,1
building,1
goodly,3
81,1
epitaph,2
forgotten,1
immortal,2
yield,2
entombed,1
monument,2
breathers,1
breathes,1
mouths,1
82,1
attaint,1
erlook,1
writers,1
blessing,3
finding,2
limit,2
enforced,1
anew,4
fresher,1
stamp,1
bettering,1
devised,1
strained,1
rhetoric,1
sympathized,1
gross,3
cheeks,5
abused,1
83,1
saw,6
exceed,1
debt,1
slept,1
extant,1
modern,1
quill,2
silence,4
impute,1
impair,1
mute,2
84,1
confine,1
immured,1
example,2
equal,3
grew,5
lean,1
penury,1
writes,1
dignifies,1
story,4
counterpart,1
admired,1
blessings,2
praises,5
85,1
comments,2
richly,2
compiled,1
phrase,1
muses,1
filed,1
unlettered,1
clerk,1
amen,1
hymn,1
able,3
affords,2
polished,1
refined,1
hearing,2
praised,2
something,4
hindmost,1
86,1
ripe,1
inhearse,1
spirits,3
struck,1
compeers,1
giving,2
astonished,1
affable,1
familiar,1
ghost,1
gulls,1
intelligence,1
victors,1
countenance,1
enfeebled,1
87,1
farewell,15
estimate,2
releasing,1
bonds,3
determinate,1
granting,1
riches,2
deserving,1
patent,1
swerving,1
mistaking,1
misprision,1
comes,6
dream,2
waking,1
88,1
disposed,1
weakness,2
concealed,1
attainted,1
gainer,1
bending,2
injuries,2
vantage,2
89,1
lameness,1
halt,1
desired,2
strangle,1
walks,2
profane,1
wronk,1
vow,4
debate,2
bent,2
join,2
bow,3
drop,1
scaped,1
rearward,1
conquered,1
windy,1
rainy,1
linger,1
purposed,1
overthrow,1
petty,1
griefs,1
onset,1
strains,1
compared,1
91,1
garments,3
fangled,1
hawks,2
hounds,1
humour,2
adjunct,2
finds,4
particulars,1
general,4
richer,2
prouder,1
horses,2
wretched,3
wretchcd,1
92,1
term,1
depends,2
depend,1
vex,2
revolt,1
supposing,1
deceived,2
altered,2
hatred,1
history,1
moods,1
frowns,1
creation,2
decree,1
workings,1
sweetness,2
eve,1
apple,1
94,1
hurt,4
unmoved,1
rightly,2
inherit,3
tibey,1
lords,11
owners,1
stewards,1
excellence,2
outbraves,1
dignity,1
turn,3
sourest,1
lilies,1
fester,1
95,1
fragrant,1
spot,1
budding,1
enclose,1
sport,2
dispraise,1
naming,1
blesses,1
mansion,2
vices,1
habitation,1
chose,1
veil,1
heed,2
privilege,1
hardest,1
96,1
wantonness,1
resort,1
finger,1
throned,1
queen,3
esteemed,2
truths,1
translated,1
deemed,2
lambs,1
stern,1
wolf,1
betray,2
lamb,1
translate,1
gazers,1
97,1
fleeting,1
freezings,1
felt,2
december,1
everywhere,2
teeming,1
autumn,2
big,2
wanton,1
burden,1
widowed,1
wombs,1
abundant,1
seemed,3
orphans,1
unfathered,2
fruit,1
pleasures,1
cheer,1
dreading,1
98,1
pied,1
dressed,1
trim,1
saturn,1
laughed,1
leaped,1
lays,4
different,1
lap,1
lily,2
vermilion,1
figures,1
99,1
forward,1
smells,1
purple,1
soft,1
dwells,1
grossly,2
dyed,2
condemned,1
marjoram,1
hair,1
fearfully,1
blushing,2
despair,4
third,1
red,5
annexed,1
theft,2
growth,3
vengeful,1
colour,4
fury,1
darkening,1
forgetful,1
redeem,1
idly,1
esteem,3
rise,2
resty,1
wrinkle,1
graven,1
satire,1
spoils,1
faster,1
prevent,2
101,1
truant,1
amends,1
neglect,2
dignified,1
intermixed,1
ages,1
office,2
102,1
strengthened,1
merchandized,1
esteeming,1
owner,1
publish,2
wont,1
philomel,1
front,1
stops,1
pipe,1
pleasant,1
mournful,1
hush,1
wild,1
burthens,1
bough,1
103,1
appears,1
over,5
dulling,1
sinful,4
striving,1
mar,1
verses,1
gifts,2
104,1
eyed,1
seems,2
three,8
forests,1
shook,1
summers,1
springs,1
turned,2
process,2
perfumes,2
junes,1
burned,1
figure,1
perceived,1
unbred,1
105,1
idolatry,1
idol,1
alike,1
songs,1
wondrous,2
constancy,4
confined,3
expressing,1
difference,2
varying,1
themes,1
106,1
chronicle,1
wasted,1
descriptions,1
wights,1
beautiful,1
ladies,1
knights,1
blazon,1
lip,1
prophecies,1
prefiguring,1
looked,2
divining,1
107,1
prophetic,1
dreaming,1
forfeit,2
eclipse,1
endured,1
augurs,1
presage,1
incertainties,1
crown,1
proclaims,1
olives,1
endless,1
drops,1
balmy,1
subscribes,1
insults,1
tribes,1
crests,1
tombs,1
108,1
figured,1
register,1
boy,4
prayers,3
divine,2
hallowed,1
weighs,1
necessary,1
aye,1
page,5
bred,2
109,1
qualify,1
easy,1
ranged,1
travels,1
just,5
exchanged,1
reigned,1
frailties,2
kinds,1
preposterously,1
stained,1
universe,1
110,1
alas,2
motley,1
gored,1
sold,1
cheap,1
offences,1
affections,1
askance,1
blenches,1
essays,1
proved,3
grind,1
newer,2
proof,3
try,5
older,1
next,5
111,1
guilty,2
goddess,4
harmful,1
breeds,3
receives,3
brand,5
subdued,1
dyer,1
renewed,1
patient,2
drink,2
potions,2
eisel,1
bitter,3
penance,1
correct,1
correction,1
assure,1
cure,11
112,1
impression,1
scandal,1
stamped,1
strive,4
steeled,1
changes,1
profound,1
abysm,1
throw,2
voices,1
adder,1
critic,1
flatterer,1
stopped,1
dispense,1
besides,2
113,1
governs,1
about,2
function,1
partly,1
effectually,1
delivers,1
bird,1
latch,1
objects,2
vision,1
catch,5
rud,1
gentlest,1
deformed,1
creature,2
dove,1
shapes,1
feature,1
incapable,1
maketh,1
114,1
monarch,2
plague,4
saith,1
monsters,1
indigest,1
cherubins,1
resemble,1
creating,1
beams,1
assemble,1
kingly,2
drinks,1
gust,1
greeing,1
palate,2
cup,1
poisoned,1
lesser,1
begin,1
115,1
knew,3
reason,8
afterwards,1
reckoning,1
millioned,1
accidents,1
creep,1
vows,2
decrees,1
tan,1
intents,2
divert,1
minds,3
alt,1
fearing,1
tyranny,2
incertainty,1
crowning,1
116,1
marriage,4
admit,1
impediments,1
alters,2
bends,1
remover,1
tempests,1
shaken,2
unknown,3
taken,3
rosy,1
lips,7
sickle,1
compass,1
weeks,1
error,2
117,1
accuse,3
scanted,1
repay,1
whereto,3
frequent,1
purchased,1
hoisted,1
transport,1
wilfulness,1
surmise,1
accumulate,1
level,4
shoot,1
wakened,1
appeal,1
118,1
eager,1
urge,2
maladies,2
sicken,1
shun,2
sickness,3
purge,1
cloying,1
sauces,1
welfare,1
meetness,1
diseased,1
needing,1
policy,3
anticipate,1
ills,2
medicine,3
healthful,2
goodness,4
cured,1
lesson,1
drugs,1
poison,1
feil,1
119,1
drunk,1
siren,1
limbecks,1
foul,9
applying,1
hopes,4
committed,1
spheres,1
fitted,1
distraction,1
madding,1
fever,2
built,2
rebuked,1
120,1
unkind,3
befriends,1
transgression,1
nerves,1
hammered,1
unkindness,2
y,2
weigh,2
suffered,1
deepest,1
hard,1
hits,2
tendered,1
wounded,1
bosoms,1
fits,2
becomes,2
ransoms,1
121,1
reproach,1
feeling,2
adulterate,1
salutation,1
sportive,1
frailer,1
spies,1
wills,2
abuses,1
reckon,1
bevel,1
maintain,1
badness,1
122,1
tables,2
charactered,1
lasting,1
beyond,1
faculty,1
subsist,1
oblivion,1
missed,1
retention,1
tallies,1
score,1
bold,2
import,1
forgetfulness,1
123,1
pyramids,1
novel,1
dressings,1
dates,1
admire,1
foist,1
rather,7
heard,4
registers,1
defy,1
wond,2
records,1
continual,1
124,1
gathered,1
builded,1
accident,1
suffers,1
smiling,1
pomp,1
falls,1
blow,3
thralled,1
discontent,2
inviting,1
heretic,1
leases,1
numbered,1
hugely,1
politic,2
drowns,1
fools,1
125,1
bore,2
extern,1
honouring,1
laid,4
bases,1
ruining,1
dwellers,1
paying,1
rent,1
compound,1
forgoing,1
savour,1
pitiful,1
thrivers,1
gazing,1
oblation,1
mixed,1
seconds,1
render,3
suborned,1
informer,1
impeached,1
126,1
fickle,2
waning,1
withering,1
wrack,1
goest,1
onwards,1
minion,1
detain,1
delayed,1
answered,1
quietus,1
127,1
counted,1
successive,1
slandered,1
fairing,1
borrowed,2
bower,1
profaned,2
raven,1
suited,2
mourners,2
slandering,1
becoming,2
128,1
wood,3
fingers,3
gently,1
wiry,1
jacks,2
kiss,4
harvest,1
reap,2
boldness,2
tickled,1
situation,1
dancing,1
chips,1
walk,1
gait,2
129,1
lust,2
perjured,3
savage,1
extreme,2
enjoyed,1
sooner,3
hunted,1
hated,1
swallowed,1
bait,1
taker,1
mad,7
pursuit,2
bliss,1
proposed,1
130,1
coral,1
snow,1
breasts,1
dun,1
hairs,1
wires,2
damasked,1
reeks,1
sound,4
treads,1
belied,2
131,1
tyrannous,1
proudly,1
err,1
swear,8
groans,1
neck,1
proceeds,1
132,1
pitying,1
disdain,3
ruth,1
grey,1
east,1
ushers,1
sober,1
mourning,2
become,1
beseem,1
suit,3
herself,4
133,1
beshrew,1
slavery,1
harder,1
engrossed,1
forsaken,1
fold,1
crossed,1
prison,1
ward,2
whoe,1
rigour,1
gaol,1
perforce,1
134,1
confessed,1
mortgaged,1
restore,1
covetous,1
surety,1
bond,2
fist,1
bind,1
statute,1
sue,1
came,3
debtor,1
whole,1
135,1
whoever,1
boot,1
plus,1
spacious,2
acceptance,1
addeth,1
beseechers,1
136,1
admitted,1
fulfil,2
receipt,2
reckoned,1
untold,1
137,1
partial,1
anchored,1
bay,1
forged,1
hooks,1
several,2
plot,1
erred,1
transferred,1
138,1
swears,1
untutored,1
unlearned,2
subtleties,1
vainly,2
simply,1
credit,4
sides,1
suppressed,1
unjust,1
habit,1
flattered,1
139,1
justify,1
slay,2
erpressed,1
dart,1
outright,1
rid,1
140,1
press,1
manner,1
testy,1
news,1
physicians,3
madness,1
wresting,1
slanderers,1
ears,5
believed,1
141,1
despise,2
pleased,1
dote,3
cars,1
tune,1
delighted,1
prone,1
invited,1
senses,2
dissuade,1
foolish,1
unswayed,1
likeness,1
awards,1
142,1
merits,1
reproving,1
scarlet,1
ornaments,1
sealed,1
robbed,1
beds,1
revenues,1
rents,1
woo,2
importune,1
deserve,2
pitied,1
denied,3
143,1
huswife,1
runs,1
feathered,1
broke,3
dispatch,1
neglected,1
chase,2
busy,1
prizing,1
infant,1
afar,1
pray,3
loud,1
crying,1
144,1
suggest,1
angel,5
worser,1
coloured,1
female,1
tempteth,1
saint,1
devil,3
wooing,1
purity,1
fiend,2
doubt,1
145,1
breathed,1
languished,1
woeful,1
mercy,4
chiding,1
followed,3
flown,2
threw,1
saved,1
saying,1
146,1
centre,1
rebel,1
powers,1
array,1
dearth,1
costly,1
inheritors,1
excess,2
charge,2
aggravate,1
buy,1
selling,1
dross,1
fed,1
dying,1
147,1
longing,1
nurseth,1
disease,3
preserve,2
uncertain,1
sickly,1
physician,2
angry,1
prescriptions,2
desperate,4
except,1
frantic,1
unrest,1
discourse,1
random,1
sworn,3
148,1
correspondence,1
censures,1
falsely,1
aright,1
denote,1
vexed,1
watching,1
marvel,1
mistake,1
sees,1
clears,1
149,1
partake,1
hateth,1
fawn,1
lour,1
revenge,1
worship,2
commanded,2
150,1
insufficiency,1
brightness,1
refuse,1
warrantise,1
exceeds,1
abhor,2
unworthiness,1
raised,1
151,1
conscience,3
cheater,1
betraying,1
nobler,1
treason,1
stays,1
rising,1
drudge,2
152,1
swearing,1
act,7
torn,1
vowing,1
oaths,4
twenty,2
misuse,1
honest,3
enlighten,1
blindness,1
153,1
cupid,3
asleep,2
maid,2
dian,2
kindling,1
quickly,2
valley,1
fountain,1
endure,1
seeting,1
bath,4
fired,1
trial,1
touch,5
withal,3
thither,1
hied,1
distempered,2
154,1
lying,2
inflaming,1
nymphs,1
vowed,1
chaste,1
tripping,1
votary,1
legions,1
warmed,1
sleeping,1
virgin,6
disarmed,1
quenched,1
cool,1
discased,1
thrall,1
heats,1
cools,1
1603,1
alls,1
ends,1
dramatis,1
personae,1
france,3
duke,1
florence,4
bertram,28
rousillon,11
lafeu,27
parolles,33
follower,1
french,4
steward,7
countess,48
lavache,1
clown,15
helena,49
gentlewoman,6
diana,2
daughter,6
violenta,1
neighbour,2
mariana,1
soldiers,2
etc,1
florentine,3
scene,5
paris,7
marseilles,1
palace,4
enter,11
delivering,1
bury,1
madam,28
command,4
subjection,1
sir,11
generally,1
necessity,1
stir,1
wanted,1
amendment,1
abandon,1
d,70
practices,1
persecuted,1
passage,1
honesty,3
stretch,2
famous,1
profession,3
gerard,3
de,3
narbon,3
lately,2
spoke,3
admiringly,1
mourningly,1
skilful,1
liv,1
languishes,1
fistula,1
notorious,2
bequeathed,1
overlooking,1
promises,2
dispositions,1
inherits,1
unclean,1
carries,2
qualities,2
commendations,2
virtues,1
traitors,2
simpleness,1
derives,1
achieves,1
brine,1
season,1
approaches,1
livelihood,1
affect,2
moderate,1
lamentation,1
excessive,1
enemy,5
wishes,3
understand,2
succeed,1
empire,1
birthright,1
tax,2
speech,2
furnish,1
unseason,1
courtier,5
advise,1
bless,2
exit,8
forg,1
servants,1
comfortable,1
lady,1
exeunt,6
shed,1
imagination,1
undone,1
twere,1
wed,2
radiance,1
collateral,1
comforted,1
sphere,1
ambition,2
itself,9
hind,1
mated,1
twas,1
arched,1
brows,1
hawking,1
capable,2
trick,1
idolatrous,1
fancy,1
sanctify,1
relics,1
liar,1
solely,1
fix,2
evils,1
fit,2
steely,1
bleak,1
superfluous,1
meditating,1
virginity,17
soldier,1
ask,4
barricado,1
assails,1
valiant,1
unfold,1
warlike,1
resistance,1
setting,1
undermine,1
underminers,1
blowers,1
military,1
virgins,3
blown,2
quicklier,1
marry,6
blowing,1
yourselves,1
city,1
commonwealth,1
rational,1
metal,1
companion,1
rule,1
mothers,2
infallible,1
disobedience,1
hangs,1
murders,1
highways,1
sanctified,2
offendress,1
mites,1
cheese,1
consumes,1
paring,1
stomach,1
peevish,1
inhibited,1
canon,1
principal,1
liking,2
likes,2
commodity,1
gloss,1
vendible,1
wears,1
cap,2
unsuitable,1
brooch,1
toothpick,1
pie,1
porridge,1
wither,3
pears,1
eats,1
drily,1
pear,2
formerly,1
anything,1
guide,1
counsellor,1
traitress,1
humility,3
jarring,1
discord,1
dulcet,1
disaster,1
adoptious,1
christendoms,1
blinking,1
gossips,1
court,3
poorer,1
baser,1
shut,1
effects,2
returns,1
monsieur,3
charitable,1
especially,1
wars,3
predominant,1
retrograde,1
running,1
proposes,1
safety,1
valour,1
business,5
acutely,1
instruction,1
serve,5
naturalize,1
counsel,1
advice,2
unthankfulness,1
uses,1
ourselves,3
ascribe,1
fated,1
pull,1
designs,1
mounts,1
mightiest,1
native,2
impossible,1
attempts,1
pains,3
strove,1
miss,2
cornets,2
letters,1
divers,2
attendants,4
florentines,1
senoys,1
fought,1
continue,1
braving,1
reported,1
credible,1
certainty,2
vouch,1
cousin,1
austria,1
caution,1
speedy,1
prejudicates,1
denial,1
approv,2
amplest,1
credence,1
arm,2
gentlemen,1
mean,3
tuscan,1
nursery,1
gentry,1
breathing,1
exploit,1
compos,1
moral,1
corporal,1
soundness,1
myself,2
friendship,1
tried,1
soldiership,1
discipled,1
bravest,2
lasted,1
haggish,1
wore,1
repairs,1
talk,2
observe,3
jest,1
unnoted,1
levity,1
contempt,1
sharpness,1
awak,1
minute,1
exception,1
obey,1
eminent,1
humbled,1
younger,2
demonstrate,1
goers,1
approof,1
royal,5
plausive,1
scatter,1
grafted,1
began,1
catastrophe,1
heel,1
pastime,1
quoth,3
lacks,1
oil,1
snuff,1
apprehensive,1
judgments,1
mere,1
fathers,1
constancies,1
fashions,1
wax,1
dissolved,1
hive,1
labourers,1
fam,1
six,1
months,1
worn,2
applications,1
calendar,1
endeavours,2
modesty,1
clearness,1
deservings,1
knave,4
sirrah,3
complaints,1
slowness,1
ability,1
knaveries,1
fellow,1
damn,1
ladyship,1
isbel,2
beg,1
heritage,1
bames,1
requires,1
driven,1
drives,1
wicked,1
wickedness,1
shallow,1
knaves,1
aweary,1
spares,1
team,1
crop,1
cuckold,1
comforts,1
cherisher,1
cherishes,1
ergo,1
kisses,1
charbon,1
puritan,2
poysam,1
papist,1
howsome,1
sever,1
religion,1
heads,1
jowl,1
horns,1
deer,1
mouth,1
calumnious,1
prophet,1
ballad,1
repeat,1
destiny,1
cuckoo,1
grecians,1
sacked,1
troy,1
priam,1
sighed,2
stood,2
sentence,1
purifying,1
tithe,1
parson,1
blazing,1
earthquake,1
twould,1
lottery,1
surplice,1
gown,1
forsooth,1
hither,2
entirely,1
bequeath,1
lawfully,1
owing,1
demand,4
communicate,1
stranger,1
estates,1
extend,1
knight,1
surpris,1
rescue,1
assault,1
afterward,1
deliver,1
e,1
exclaim,1
speedily,1
acquaint,1
sithence,1
happen,1
concerns,1
discharg,1
honestly,1
yourself,3
likelihoods,1
inform,1
tott,1
balance,1
misdoubt,1
stall,1
further,1
ours,1
thorn,1
impress,1
remembrances,1
honourable,1
methought,1
serpent,1
catalogue,1
enwombed,1
adoption,1
strives,1
choice,2
slip,1
foreign,1
seeds,1
oppress,1
curd,1
messenger,1
iris,1
rounds,1
brother,4
honoured,1
parents,1
noble,6
sister,1
yes,2
law,1
shield,1
pulse,1
fondness,1
myst,1
loneliness,1
salt,1
asham,1
proclamation,1
behaviours,1
hellish,1
obstinacy,1
suspected,1
clew,1
forswear,1
howe,1
avail,1
disclose,1
affection,1
passions,1
appeach,1
knee,1
offended,1
hurts,1
token,1
presumptuous,1
vain,1
captious,1
intenible,1
sieve,1
waters,1
indian,1
worshipper,1
encounter,1
aged,1
cites,1
chastely,1
seeks,1
search,1
implies,1
riddle,1
intent,1
prov,1
manifest,1
experience,2
collected,1
sovereignty,1
heedfull,1
reservation,1
notes,1
faculties,1
inclusive,1
amongst,1
languishings,1
motive,1
conversation,1
schools,1
embowell,1
doctrine,1
danger,1
luckiest,1
success,1
venture,2
knowingly,1
greetings,1
attempt,1
ii,1
taking,1
principles,1
ent,1
malady,2
sons,1
frenchmen,1
higher,1
italy,2
bated,1
monarchy,1
questant,1
shrinks,1
aloud,1
bidding,2
girls,1
beware,1
captives,1
warnings,1
retires,1
attended,1
spark,1
admirable,1
coil,1
bravely,1
forehorse,1
smock,1
creaking,1
shoes,1
bought,1
dance,2
parting,1
tortur,1
heroes,1
kin,1
sparks,1
lustrous,1
metals,1
regiment,1
spinii,1
spurio,1
cicatrice,1
emblem,1
sinister,1
entrench,1
reports,1
novices,1
restrain,1
expressive,1
muster,1
dilated,1
fellows,1
sinewy,1
kneeling,1
tidings,1
kneel,1
pate,1
across,1
cur,1
infirmity,1
grapes,2
fox,2
reach,1
quicken,1
rock,1
canary,1
spritely,1
araise,1
pepin,1
charlemain,1
arriv,1
seriously,1
deliverance,1
sex,1
amaz,1
laugh,1
admiration,1
prologues,1
ways,2
wings,1
traitor,1
cressid,1
uncle,1
fare,2
profess,1
spare,1
receipts,1
chiefly,1
practice,1
bade,1
triple,1
safer,1
malignant,1
appliance,1
humbleness,1
credulous,1
doctors,1
congregated,1
concluded,1
inaidable,1
estate,1
prostitute,1
empirics,1
dissever,1
senseless,1
enforce,1
humbly,1
entreating,1
modest,1
grateful,1
peril,1
finisher,1
weakest,1
minister,1
babes,2
judges,1
floods,1
sources,1
seas,1
dried,1
miracles,1
expectation,1
fails,1
coldest,1
proffers,1
reward,1
inspired,1
barr,1
square,1
presumption,1
experiment,1
impostor,1
proclaim,1
aim,1
confident,1
hop,1
lending,1
torcher,1
diurnal,1
murk,1
occidental,1
damp,1
moist,1
hesperus,1
quench,1
sleepy,1
lamp,1
pilot,1
infirm,1
confidence,1
dar,1
impudence,1
strumpet,1
divulged,1
traduc,1
odious,1
ballads,1
sear,1
extended,1
ended,1
organ,1
impossibility,1
saves,1
rate,1
courage,1
happiness,1
hazard,1
intimate,1
infinite,1
monstrous,1
practiser,1
ministers,1
flinch,1
property,1
unpitied,1
helping,1
sceptre,1
exempted,1
arrogance,1
propagate,1
branch,1
premises,1
observ,1
performance,1
serv,1
resolv,1
rely,1
cam,1
tended,1
unquestion,1
undoubted,1
ho,1
deed,2
match,1
